bacchanalian . 184 backcountry
. 48 backcountry .
128 backcountry . 202
backcountry . 84 backgrounding
. 57 backgrounds .
668 backpedaled . 149
backscatter . 49 backscatter
. 111 backscatter .
140 backtracked . 73
backtracked . 73 bacteroides
. 134 baculovirus .
767 balustraded . 187
balustraded . 90 balustraded
. 450 balustraded .
228 bandlimited . 92
bandlimited . 81 bandlimited
. 217 barbarously .
65 barbarously . 57
barbiturate . 116 barbiturate
. 305 barbiturate .
51 barbiturate . 5096
barbiturate . 104 barbiturate
. 585 barbiturate .
57 barbiturate . 90
barrenground . 459 baseemitter
. 413 baseemitter .
100 basolateral . 66
basolateral . 205 basolateral
. 78 basolateral .
1133 bathypelagic . 46
bathypelagic . 253 battlefield
. 92 battlefield .
89 battlefield . 81
battlefield . 203 battlefield
. 87 battlefield .
47 battlefield . 51
battlefield . 54 battlefield
. 84 battlefield .
99 battlefield . 119
battlefield . 122 battlefield
. 75 battlefield .
74 battlefield . 46
battlefield . 45 battlefield
. 109 battlefield .
51 battlefield . 93
battlefield . 59 battlefield
. 88 battlefield .
101 battlefield . 72
battlefield . 656 battlefield
. 133 battlefield .
161 battlefield . 118
battlefield . 814 battlefield
. 172 battlefield .
100 battlefield . 82
battlefield . 80 battlefield
. 494 battlefield .
61 beatification . 234
beginnenden . 43 beginningless
. 331 beginningless .
54 beginningless . 52
behaviorally . 184 behaviorally
. 62 behaviorally .
69 behaviorally . 44
behaviourist . 111 bellantibus
. 63 belligerent .
533 belligerent . 198
belligerent . 143 belligerent
. 92 belligerent .
1803 belligerent . 318
belligerent . 69 belligerent
. 74 belligerent .
42 belligerent . 70
belligerent . 158 belligerent
. 88 belligerent .
97 belligerent . 63
belligerent . 160 belligerent
. 44 belligerent .
7311 belligerent . 46
belligerent . 74 belligerent
. 126 belligerent .
216 belligerent . 56
belligerent . 44 belligerent
. 142 belligerent .
68 belligerent . 58
belligerent . 882 belligerent
. 248 benchmarked .
42 bendingmoment . 166
beneficially . 68 beneficially
. 69 beneficially .
668 beneficially . 162
beneficiation . 402 beneficient
. 51 beneficient .
104 benevolence . 40
benevolence . 117 bespattered
. 56 betweengroup .
43 bewilderingly . 839
bewilderingly . 290 bibliography
. 69 bibliography .
46 bibliography . 89
bibliography . 677 bibliography
. 139 bibliography .
217 bibliography . 105
bibliography . 111 bibliography
. 115 bibliography .
134 bibliometric . 86
bibliometric . 167 bibliotherapy
. 129 bicarbonate .
142 bicarbonate . 75
bicarbonate . 313 bicarbonate
. 1518 bicarbonate .
494 bicarbonate . 507
bicarbonate . 287 bicarbonate
. 727 bicarbonate .
133 bicarbonate . 657
bicarbonate . 204 bicarbonate
. 12267 bicarbonate .
89 bicentennial . 147
bicentennial . 129 bicentennial
. 353 bichromated .
186 biconically . 160
bifunctional . 51 bifunctional
. 53 bifunctional .
143 bifunctional . 324
bilaterally . 75 bilaterally
. 64 bilaterally .
61 bilaterally . 70
bimaxillary . 115 bimolecular
. 161 bimolecular .
127 bimolecular . 451
bimolecular . 3290 binarization
. 51 bioartificial .
656 bioavailable . 50
bioavailable . 131 biobehavioral
. 76 biobehavioral .
102 biobehavioral . 47
biocatalytic . 94 biocatalytic
. 93 biocatalytic .
63 biochemistry . 313
biochemistry . 81 biochemistry
. 105 bioconversion .
112 bioconversion . 144
biodiversity . 215 biodiversity
. 111 biodiversity .
382 biodiversity . 114
biodiversity . 46 biodiversity
. 179 biodiversity .
59 biodiversity . 730
biodiversity . 116 biodiversity
. 776 biodiversity .
217 biodiversity . 135
bioenergetic . 43 bioenergetic
. 44 biofiltration .
111 bioflavonoid . 45
bioflavonoid . 147 biogeographic
. 57 biogeographic .
55 biogeographic . 42
biogeographic . 128 biogeographic
. 61 biogeographic .
193 biographical . 1107
biographical . 72 biographical
. 257 biographical .
87 biographical . 221
biographical . 96 biographical
. 179 biographical .
948 biographical . 64
biographical . 5805 biographical
. 85 biographical .
177 biographical . 54
biographical . 1305 biographical
. 45 biographical .
299 biographical . 268
biographical . 131 biographical
. 78 biographical .
903 biographical . 62
biographical . 94 biographical
. 156 biographical .
61 biographical . 42
biographical . 48 biographical
. 210 biographical .
5874 biographical . 215
biographical . 249 biographical
. 1134 biographical .
96 biographical . 231
biographical . 121 biographical
. 166 biographical .
232 biographical . 116
biographical . 116 biographical
. 295 biographical .
268 biographical . 76
biographical . 106 biographical
. 283 biographical .
55 biographical . 50
biographical . 1405 biographical
. 151 biographical .
171 biographical . 2240
biographical . 174 biographical
. 2227 biographical .
996 biographical . 338
biographical . 158 biographical
. 78 biohazardous .
145 bioindicator . 50
biologically . 165 biologically
. 61 biologically .
77 biologically . 231
biologically . 283 biologically
. 203 biologically .
215 biologically . 51
biologically . 51 biologically
. 73 biologically .
223 biologically . 82
biologically . 185 biologically
. 80 biologically .
1178 biologically . 71
biologically . 920 biologically
. 266 biologically .
103 biologically . 46
biologically . 45 biologically
. 1242 biologically .
133 biologically . 100
biologically . 45 biologically
. 227 biologically .
54 biologically . 290
biologically . 114 biologischem
. 223 biologischer .
46 biologisches . 42
biomechanics . 404 biomolecular
. 228 biomolecular .
45 biomolecular . 114
biomolecular . 43 biomolecular
. 42 biomolecular .
1104 bioremediation . 146
bioremediation . 610 bioremediation
. 171 bioremediation .
62 bioremediation . 297
biotechnical . 104 bioterrorism
. 278 bioterrorist .
698 biotinylated . 153
bipartitioning . 54 bipyramidal
. 204 biquadratic .
180 birefringence . 259
birefringence . 50 birefringence
. 103 birefringence .
94 birthcontrol . 43
bisimulation . 349 bittersweet
. 79 bittersweet .
109 bittersweet . 157
bittersweet . 144 bittersweet
. 100 bittersweet .
181 bittersweet . 145
bittersweet . 107 bittersweet
. 89 bittersweet .
46 bittersweet . 74
bittersweet . 335 bizarreness
. 89 bizygomatic .
109 blackcoated . 125
blackfooted . 55 blackframed
. 229 blackhearted .
91 blacklisted . 88
blacklisted . 315 blacklisted
. 364 blackrimmed .
425 blasphemous . 101
blasphemous . 78 blasphemous
. 65 blasphemous .
58 blasphemous . 81
blasphemous . 111 blasphemous
. 636 blasphemous .
64 blasphemous . 64
blasphemous . 497 blasphemous
. 200 blasphemous .
91 blasphemous . 57
blasphemous . 157 blasphemous
. 118 blasphemous !
645 blasphemous ! 57
blastomeres . 54 blepharitis
. 72 blessedness .
117 blessedness . 109
blessedness . 292 blindfolded
. 40 blindfolded .
75 blindfolded . 54
blindfolded . 80 blockbuster
. 107 blockbuster !
45 blockbuster . 333
blockbuster . 42 bloodaqueous
. 107 bloodclotting .
104 bloodclotting . 89
bloodcurdling . 75 bloodcurdling
. 145 bloodtestis .
115 bloodthirsty . 135
bloodthirsty . 49 bloodthirsty
! 45 bloodthirsty .
74 bloodthirsty . 62
bloodthirsty . 161 bloodthirsty
. 67 bloodthirsty !
361 bloodthirsty . 70
bloodthirsty . 95 bloodthirsty
. 159 bloodthirsty .
179 bloodthirsty . 40
bloodthirsty ! 456 bloodthirsty
. 59 bloodthirsty .
44 bloodthirsty . 195
bloodthirsty . 42 bloodthirsty
. 50 bloodthirsty .
75 bloodthirsty ! 1227
bloodthirsty . 62 bloodthirsty
. 93 bloodthirsty .
175 bloodthirsty . 85
bloodthirsty . 101 bloodthirsty
! 160 bloodthirsty .
103 bloodthirsty . 164
boardinghouse . 737 boardinghouse
. 49 bodhisattva .
80 bodhisattva . 186
bodhisattva . 109 boilerplate
. 63 boilerplate .
438 boilerplate . 97
bombardment . 135 bombardment
. 130 bombardment .
48 bombardment . 49
bombardment . 318 bombardment
. 735 bombardment .
342 bombardment . 50
bombardment . 73 bombardment
. 118 bombardment .
52 bombardment . 588
bombardment . 308 bombardment
. 131 bootstrapping .
352 bootstrapping . 546
borderlands . 92 borderlands
. 163 borderlands .
80 borohydride . 277
botanically . 93 botanically
. 153 botanically .
113 bottlebrush . 117
bottlenecks . 47 bottlenecks
. 165 bottlenosed .
869 bountifully . 78
bountifully . 230 bowdlerized
. 70 brahmanical .
77 brahmanical . 123
brahmanical . 122 brahminical
. 84 brainstorming .
2562 brainstorming . 127
brainstorming . 7959 brainstorming
. 236 brasiliense .
84 breechloading . 108
bricklayers . 82 bricklayers
. 105 bridesmaids .
186 brittleness . 143
broadcasted . 107 broadcaster
. 46 bromoacetyl .
62 brownfields . 93
brucellosis . 114 bulbospinal
. 167 bulbospinal .
113 bulletproof . 125
bulletproof . 103 bulletproof
. 154 bulletproof .
57 bulletproof . 474
bupivacaine . 59 bureaucratic
. 168 bureaucratic .
103 bureaucratic . 62
bureaucratic . 44 bureaucratic
. 66 bureaucratic .
111 bureaucratic . 356
bureaucratic . 2685 bureaucratic
. 75 bureaucratic .
87 bureaucratic . 115
bureaucratic . 162 bureaucratic
. 279 bureaucratic .
65 bureaucratic . 74
bureaucratic . 594 bureaucratic
. 64 bureaucratic .
579 bureaucratic . 199
bureaucratic . 49 bureaucratic
. 145 bureaucratic .
144 bureaucratic . 86
bureaucratic . 282 bureaucratic
. 105 bureaucratic .
89 bureaucratic . 95
bureaucratic . 40 bureaucratic
. 548 bureaucratic .
9176 bureaucratic . 103
bureaucratic . 190 bureaucratic
. 1282 bureaucratic .
40 bureaucratic . 295
bureaucratic . 65 bureaucratic
. 371 bureaucratic .
51 bureaucratic . 244
bureaucratic . 88 bureaucratic
. 78 bureaucratic .
94 bureaucratic . 208
bureaucratic . 69 bureaucratic
. 97 bureaucratic .
129 bureaucratic . 88
bureaucratic . 593 bureaucratic
. 47 bureaucratic .
46 bureaucratic . 182
bureaucratic . 141 bureaucratic
. 288 bureaucratic .
243 bureaucratic . 724
bureaucratic . 261 bureaucratic
. 40 bureaucratic .
44 bureaucratic . 319
bureaucratic . 78 bureaucratic
. 47 bureaucratic .
313 bureaucratic . 107
bureaucratic . 783 bureaucratic
. 40 bureaucratic .
157 bureaucratic . 59
bureaucratic . 44 bureaucratic
. 86 bureaucratic .
103 bureaucratic . 41
bureaucratic . 693 bureaucratic
. 174 bureaucratic .
50 bureaucratic . 84
bureaucratic . 3757 bureaucratic
. 77 bureaucratic .
126 bureaucratic . 59
bureaucratic . 115 bureaucratic
. 334 bureaucratic .
314 bureaucratic . 96
bureaucratic . 67 bureaucratic
. 183 bureaucratic .
73 bureaucratic . 212
bureaucratic . 76 bureaucratic
. 250 bureaucratic .
50 bureaucratic . 545
bureaucratic . 164 bureaucratic
. 70 bureaucratic .
159 bureaucratic . 76
bureaucratic . 176 bureaucratic
. 45 bureaucratic .
55 bureaucratic . 341
bureaucratic . 68 bureaucratic
. 725 bureaucratic .
278 bureaucratic . 2995
bureaucratic . 68 bureaucratic
. 61 bureaucratic .
379 bureaucratic . 133
bureaucratic . 103 bureaucratic
. 43 bureaucratic .
280 bureaucratic . 275
bureaucratic . 108 bureaucratic
. 61 bureaucratic .
255 bureaucratic . 1250
bureaucratic . 59 bureaucratic
. 114 bureaucratic .
127 bureaucratic . 111
bureaucratic . 375 bureaucratic
. 211 bureaucratic .
2608 bureaucratic . 166
bureaucratic . 141 bureaucratic
. 77 bureaucratic .
125 bureaucratic . 145
bureaucratic . 178 bureaucratic
. 75 bureaucratic .
427 bureaucratic . 2458
bureaucratic . 43 bureaucratic
. 53 bureaucratic .
794 bureaucratic . 46
bureaucratic . 44 bureaucratic
. 40 bureaucratic .
216 bureaucratic . 52
businessman . 525 businessman
. 138 businessman .
65 businessmen . 44
businessmen . 54 businessmen
. 55 businessmen .
85 businessmen . 58
businessmen . 65 butterflies
. 62 butterflies .
150 butterflies . 44