barely few 126 barely may
107 barely year 103 barred
saw 61 basket few 187
basket pin 45 became few
501 became year 111 became
had 60 became was 184
became was 81 became few
52 became few 73 became
few 42 became few 42
became few 172 became year
133 became was 77 become
few 139 become new 103
become few 60 become few
41 become few 46 become
few 51 become new 48
before can 112 before can
56 before can 55 before
new 50 before new 79
before new 154 before long
69 before new 238 before
new 63 before had 148
before was 101 before tax
121 before long 52 before
meal 47 before new 400
before sin 46 before phd
145 before year 128 before
deal 50 before man 77
before had 68 before was
411 before new 219 before
yet 46 before few 43
before new 43 before new
120 before new 918 before
had 102 before saw 94
before was 264 before new
104 before and 40 before
new 68 before man 88
before new 298 before new
50 before car 94 before
gun 148 before new 343
before new 41 before real
125 before bid 320 before
new 93 before new 66
begins new 52 better man
143 better did 41 better
had 50 better let 68
better was 64 better new
57 billion year 118 billion
day 47 billion year 90
billion year 43 binary and
125 binary and 61 bodily
had 378 bodily had 43
boldly bad 85 boldly new
45 bottle few 389 bottle
red 64 bottle two 86
bought big 40 bought car
84 bought new 209 bright
may 59 broker fee 181
brother sin 109 brother job
97 bucket few 58 budget
new 41 buffer low 66
building new 53 building few
106 building new 67 bundle
few 144 button pop 217