vaccinations . 68 vagotomized
. 298 vagotomized .
121 vaikuttavat . 71
vaingloriously . 61 vaingloriously
. 40 valedictory .
3949 valedictory . 147
valedictory . 107 valedictory
. 117 valedictory .
159 valedictory . 312
valedictory . 49 validational
. 253 valorisation .
609 valorization . 567
valorization . 67 valorization
. 207 vaporization .
522 vaporization . 81
vaporization . 102 vaporization
. 1656 variablelength .
170 varicolored . 185
varicolored . 40 varicolored
. 103 vascularity .
43 vasodilation . 95
vasodilator . 47 vasodilator
. 943 vasodilator .
280 vasodilator . 138
vasodilator . 83 vasodilator
. 58 vasodilator .
237 vasodilator . 680
vasodilator . 62 vasopressin
. 87 vasopressin .
1057 vasopressin . 496
vasopressin . 48 vasopressin
. 49 vasopressor .
523 vasopressor . 42
vasopressor . 487 vasospastic
. 152 vasospastic .
112 vasospastic . 70
vectorborne . 416 vectorscope
. 141 vegetational .
143 vegetational . 579
vegetational . 111 vegetational
. 62 vegetativen .
105 venographic . 53
ventilatory . 159 ventilatory
. 163 ventilatory .
2098 ventilatory . 368
ventilatory . 252 ventilatory
. 50 ventilatory .
128 ventilatory . 674
ventilatory . 400 ventilatory
. 6524 ventilatory .
3948 ventilatory . 43
ventilatory . 1464 ventilatory
. 1512 ventilatory .
48 ventilatory . 160
ventilatory . 980 ventilatory
. 100 ventilatory .
45 ventilatory . 23512
ventilatory . 46 ventilatory
. 262 ventricular .
271 ventricular . 333
ventricular . 58 ventricular
. 106 ventricular .
95 ventricular . 816
ventricular . 1267 ventricular
. 4207 ventricular .
393 ventricular . 2745
ventricular . 312 ventricular
. 274 ventricular .
345 ventricular . 6470
ventricular . 3105 ventricular
. 51 ventricular .
188 ventricular . 5505
ventricular . 37486 ventricular
. 243 ventricular .
832 ventricular . 137
ventricular . 53595 ventricular
. 56 ventricular .
865 ventricular . 1484
ventricular . 165 ventricular
. 303 ventricular .
766 ventricular . 551
ventricular . 86 ventricular
. 734 ventricular .
383 ventricular . 1784
ventricular . 3303 ventricular
. 49 ventricular .
65 ventricular . 245
ventricular . 140 ventricular
. 223 ventricular .
110 ventricular . 2902
ventricular . 143 ventricular
. 686 ventricular .
274 ventricular . 219
ventricular . 555 ventricular
. 3500 ventricular .
107 ventricular . 183
ventricular . 23713 ventricular
. 847 ventricular .
537 ventricular . 153
ventricular . 204 ventricular
. 1818 ventricular .
44 ventriculus . 97
ventrobasal . 1130 ventrobasal
. 63 ventrobasal .
59 ventrobasal . 292
ventromedial . 379 ventromedial
. 1681 ventromedial .
61 ventromedial . 55
ventromedial . 61 venturesome
. 115 venturesome .
53 venturesome . 127
verbesserte . 2626 verbesserte
. 98 verdiinnten .
63 verification . 43
verification ? 131 verification
. 379 verification .
133 verification . 210
verification . 599 verification
. 260 verification .
136 verification . 65
verification . 429 verification
. 82 verification .
2319 verification . 50
verification . 102 verification
. 1455 verification .
14081 verification . 893
verification . 260 verification
. 219 verification .
44 verification . 191
verification . 155 verification
. 250 verification .
67 verification . 139
verification . 901 verification
. 210 verification .
170 verification . 520
verification . 177 verification
. 582 verification .
2287 verification . 64
vermiculite . 177 vermiculite
. 120 vermischten .
147 vernaculars . 64
vernaculars ? 251 verruciform
. 232 vertebrated .
4004 vertebrated . 195
vertebrates . 133 vertebrates
. 439 vertebrates .
41 vertebrates . 116
vertiginous . 207 vertiginous
. 189 vertiginous .
57 vertiginous . 79
vesicocolic . 88 veterinarian
. 176 veterinarian .
95 veterinarian . 58
victoriously . 52 victoriously
. 49 victoriously .
140 victoriously . 105
vinaigrette . 45 vinblastine
. 48 vinblastine .
503 vincristine . 562
vindicative . 73 vindicatory
. 91 vindicatory .
41 vinification . 89
virological . 78 virological
. 124 virological .
305 vironmental . 121
viscoelastic . 1811 viscoelastic
. 405 viscoelastic .
53 viscoelastic . 423
viscoelastic . 2114 viscoelastic
. 63 viscoelastic .
66 viscoelastic . 69
viscoelastic . 43 viscoelastic
. 98 viscoelastic .
128 visuospatial . 360
visuospatial . 70 visuospatial
. 308 visuospatial .
54 visuospatial . 97
visuospatial . 415 visuospatial
. 80 vocationally .
169 volatilized . 42
voluntarily . 67 voluntarily
. 63 voluntarily .
827 voluntarily . 65
voluntarily . 147 voluntarily
. 2547 voluntarily .
132 voluntarily . 46
voluntarily . 258 voluntarily
. 44 voluntarily .
89 voluntarily . 42
voluntarily . 53 voluntarily
. 151 voluntarily .
687 voluntarily . 88
voluntarily . 164 voluntarily
. 98 voluntarily .
176 voluntarily . 65
voluntarily . 145 voluntarily
. 126 voluntarily .
724 voluntarily . 45
voluntarily . 49 voluntarily
. 62 voluntarily .
93 voluntarily . 183
voluntarily . 53 voluntarily
. 58 voluntarily .
97 voluntarily . 66
voluntarily . 805 voluntarily
. 43 voluntarily .
50 voluntarily . 104
voluntarily . 68 voluntarily
. 126 voluntarily .
66 voluntarily . 294
voluntarily . 442 voluntarily
. 98 voluntarist .
126 volunteered . 96
volunteered . 43 volunteered
. 40 volunteered .
46 volunteered . 195
volunteered . 40 volunteered
. 42 volunteered .
42 volunteered . 186
volunteered . 67 volunteered
. 63 volunteered .
49 vomeronasal . 82
vomeronasal . 69 voneinander
. 208 vorbehalten .
344 vorlaufiger . 65
vorzuliegen . 51 voyeuristic
. 116 voyeuristic .
56 voyeuristic . 98
voyeuristic . 45 voyeuristic
. 133 voyeuristic .
83 voyeuristic . 604
voyeuristic . 102 voyeuristic