macroeconomic . 1328 macroeconomic
. 194 macroeconomic .
59 macroeconomic . 50
macroeconomic . 135 macroeconomic
. 79 macroeconomic .
115 macroeconomic . 193
macroeconomic . 43 macroeconomic
. 61 macroeconomic .
3853 macroeconomic . 63
macroeconomic . 95 macroeconomic
. 58 macronodular .
57 macropterous . 135
macroseismic . 242 maculipennis
. 499 maculipennis .
478 magellanicum . 312
magiclantern . 103 magnetically
. 219 magnetically .
207 magnetization . 113
magnetization . 633 magnetization
. 254 magnetization .
75 magnetization . 109
magnetogyric . 466 magnetometer
. 63 magnetometer .
1040 magnetosonic . 108
magnetosonic . 363 magnification
. 303 magnification .
227 magnification . 140
magnification . 605 magnification
. 680 magnification .
1100 magnification . 813
magnification . 292 magnification
. 71 magnificence .
69 magnificence . 52
magnificient . 40 magnitudinis
. 50 mainsequence .
337 maintainable . 624
majestically . 363 majestically
. 704 majestically .
51 majestically . 41
majestically . 42 majestically
. 110 majestically .
69 maledicentem . 75
malevolently . 41 malnourished
. 58 malnourished .
119 malnourished . 88
malnourished . 68 malnourished
. 122 malnourished .
475 malpositioned . 405
mammographic . 70 mammographic
. 108 manganiferous .
318 manifestasti . 56
manifestation . 86 manifestation
. 45 manifestation .
127 manifestation . 120
manifestation . 440 manifestation
. 116 manifestation .
192 manipulations . 63
manipulative . 153 manipulative
. 116 manipulative .
81 manipulative . 146
manipulative . 46 manipulative
. 92 manipulative .
58 manipulative . 47
manipulative . 201 manipulative
. 43 manipulative .
48 manipulative . 64
manipulative . 149 manipulative
. 358 manipulative .
144 manipulative . 99
manipulative . 75 manipulative
. 190 manipulative .
63 manipulative . 399
manipulative . 281 manipulative
. 110 manipulative .
49 manipulative . 522
manipulative . 62 manipulative
. 369 manslaughter .
604 manslaughter . 3066
manslaughter . 371 manslaughter
. 161 manufactured .
56 manufactured . 132
manufactured . 266 manufactured
. 42 manufactured .
458 manufactured . 1704
manufactured . 375 manufactured
. 116 manufactured .
170 manufactured . 52
manufactured . 240 manufactured
. 854 manufactured .
1730 manufactured . 91
manufactured . 279 manufactured
. 140 manufactured .
1726 manufactured . 65
manufactured . 48 manufactured
. 10259 manufactured .
1715 manufactured . 1062
manufactured . 1931 manufactured
. 191 manufactured .
95 manufactured . 48
manufactured . 47 manufactured
. 233 manufactured .
48 manufactured . 422
manufactured . 224 manufactured
. 1700 manufactured .
938 manufactured . 86
manufactured . 176 manufactured
. 462 manufactured .
128 manufactured . 43
manufactured . 352 manufactured
. 411 manufactured .
111 manufactured . 4934
manufactured . 89 manufactured
. 444 manufactured .
52 manufactured . 352
manufactured . 117 manufactured
. 136 manufactured .
95 manufactured . 54
manufactured . 142 manufactured
. 244 manufactured .
77 manufactured . 93
manufactured . 116 manufacturer
. 96 manufacturer .
101 manufacturer . 159
manufacturer . 84 manufacturer
. 51 manufacturer .
100 manufacturer . 239
manufacturer . 127 manufacturer
. 144 manufacturer .
164 manufacturer . 72
manufacturer . 123 manufactures
. 154 manufactures .
67 manufactures . 69
manufactures . 103 manufactures
. 178 manufactures .
72 manufactures . 277
manufactures . 45 manufactures
. 63 manufactures .
45 manufactures . 374
manufactures . 116 manyelectron
. 51 mapleleaflike .
46 marginalised . 234
marginalised . 89 marginalised
. 122 marginalized .
542 marginalized . 285
marginalized . 320 marginalized
. 357 marginalized .
45 marginalized . 812
marksmanship . 43 marshmallows
. 138 marvellously .
58 marvellously . 177
marvellously . 77 marvellously
. 298 marvellously .
60 marvellously . 94
marvellously . 85 marvellously
. 195 marvellously .
60 marvellously . 252
marvellously . 105 marvellously
. 80 marvellously .
165 marvellously . 84
marvellously ! 2390 masculinized
. 86 masterpieces .
94 masterpieces . 117
masterpieces . 140 masturbatory
. 139 masturbatory .
41 masturbatory . 55
materialistic . 318 materialistic
. 92 materialistic .
119 materialistic . 44
materialistic . 105 materialistic
. 65 materialistic .
43 materialistic . 446
materialistic . 137 materialistic
. 69 materialistic .
119 materialistic . 324
materialistic . 264 materialistic
. 80 materialistic .
69 materialistic . 433
materialistic . 191 materialistic
. 732 materialistic .
94 materialistic . 57
materialistic . 73 materialistic
. 206 materialistic .
446 materialistic . 46
materialistic . 41 materialistic
. 294 materialistic .
47 materialistic . 747
materialistic . 50 materialistic
. 54 materialistic .
104 materialistic . 859
materialistic . 170 materialistic
. 69 materialistic .
497 materialistic . 57
mathematicians . 40 mathematicians
. 89 mathematicians .
84 mathematicians . 51
mathematicians . 104 mathematicians
. 144 matriculated .
241 matriculation . 110
matriculation . 64 matriculation
. 897 matriculation .
245 matriculation . 48
matriculation . 141 matriculation
. 46 matrilateral .
116 maxillofacial . 191
mayorcouncil . 80 mayorcouncil
. 57 mechanically .
46 mechanically . 53
mechanically . 74 mechanically
. 136 mechanically .
61 mechanically . 94
mechanically . 45 mechanically
. 141 mechanically .
113 mechanically . 60
mechanically . 94 mechanically
. 52 mechanically .
52 mechanically . 41
mechanically . 75 meclofenamic
. 82 mediterranean .
133 mediterranean . 63
mediterranean . 88 melanogaster
. 1078 melanogaster .
187 melanosporum . 259
mellificatis . 312 melodramatic
. 176 melodramatic .
54 melodramatic . 48
melodramatic . 284 melodramatic
. 99 melodramatic .
323 melodramatic . 63
melodramatic . 100 melodramatic
. 111 melodramatic .
73 melodramatic . 392
melodramatic . 42 melodramatic
. 77 melodramatic .
48 melodramatic . 128
melodramatic . 781 melodramatic
. 164 melodramatic .
48 melodramatic . 261
melodramatic . 319 melodramatic
. 102 melodramatic .
145 melodramatic . 275
melodramatic . 81 melodramatic
. 147 melodramatic .
67 melodramatic . 77
menschlichen . 382 menschlichen
. 223 menschlichen .
158 menschlichen . 61
menschlichen . 570 menschlichen
. 351 menschlichen .
77 menschlichen . 63
menschlicher . 57 mercantilist
. 64 mercantilist .
53 mercantilist . 44
mercantilist . 332 mercantilist
. 57 mercantilist .
41 mercantilist . 423
mercantilist . 72 merchantable
. 53 merchantable .
55 merchantable . 121
merchantable . 67 merchantable
. 171 merchantable .
59 merchantable . 140
merchantable . 100 merchantable
. 972 merchantable .
44 merchantable . 66
merchantable . 134 mercuryvapor
. 140 meristematic .
89 meristematic . 313
meristematic . 279 meritocratic
. 43 meritocratic .
211 meritoriously . 47
mesocephalic . 43 mesocortical
. 49 mesosaprobic .
70 mesotartaric . 226
metalinguistic . 89 metallization
. 268 metallogenic .
374 metallogenic . 184
metalworkers . 90 metamorphism
. 45 metantimonic .
127 metaphorical . 74
metaphorical . 69 metaphorical
. 75 metaphorical .
60 metaphorical . 502
metaphorical . 58 metaphorical
. 58 metaphorical .
92 metaphorical . 115
metaphorical . 48 metaphorical
. 105 metaphorical .
3540 metaphorical . 97
metaphorical . 70 metaphorical
. 149 metaphorical .
118 metaphorical . 443
metaphorical . 140 metaphorical
. 101 metaphorical .
47 metaphorical . 313
metaphorical . 52 metaphorical
. 72 metaphorical .
43 metaphorical . 252
metaphorical . 114 metaphorical
. 159 metaphorical .
70 metaphorical . 477
metaphorical . 49 metaphorical
. 54 metaphorical .
465 metaphorical . 61
metaphorical . 52 metaphorical
. 393 metaphorical .
91 metaphorical . 56
metaphysical . 53 metaphysical
. 74 metaphysical .
85 metaphysical . 61
metaphysical . 122 metaphysical
. 273 metaphysical .
125 metaphysical . 196
metaphysical . 238 metaphysical
. 64 metaphysical .
138 metaphysical . 76
metaphysical . 153 metaphysical
. 58 metaphysical .
46 metaphysical . 120
metaphysical . 40 metaphysical
. 46 metaphysical .
334 metaphysical . 77
metaphysical . 283 metaphysical
. 109 metaphysical .
646 metaphysical . 642
metaphysical . 262 metaphysical
. 580 metaphysical .
55 metaphysical . 119
metaphysical . 134 metaphysical
. 42 metaphysical .
681 metaphysical . 41
metaphysical . 60 metaphysical
. 272 metaphysical .
2820 metaphysical . 48
metaphysical . 70 metaphysical
. 67 metaphysical .
717 metaphysical . 317
metaphysical . 182 metaphysical
. 65 metaphysical .
99 metaphysical . 55
metaphysical . 137 metaphysical
. 80 metaphysical .
1991 metaphysical . 163
metaphysical . 400 metaphysical
. 40 metaphysical .
138 metaphysical . 128
metaphysical . 44 metaphysical
. 62 metaphysical .
371 metaphysical . 1183
metaphysical . 63 metaphysical
. 96 metaphysical .
136 metaphysical . 81
metaphysical . 41 metaphysical
. 44 metaphysical .
226 metaphysical . 2852
metaphysical . 45 metaphysical
. 188 metaphysical .
1470 metaphysical . 120
metaphysical . 47 metaphysical
. 627 metaphysical .
502 metaphysical . 290
metaphysical . 118 metaphysical
. 80 metaphysical .
209 metaphysical . 335
metaphysical . 128 metaphysical
. 163 metaphysical .
4517 metaphysical . 48
metaphysical . 239 metaphysical
. 78 metaphysical .
58 metaphysical . 4414
metaphysical . 268 metaphysical
. 190 metaphysical .
80 metaphysical . 77
metaphysical . 82 metaphysical
. 44 metaphysical .
83 metaphysical . 1098
metaphysical . 290 metaphysical
. 142 metaphysical .
265 metaphysical . 636
metaphysical . 46 metaphysician
. 41 metastasizes .
278 metastasizes . 201
metavolcanic . 256 methodistical
. 51 methodologies .
43 methodologies . 1336
methodologies . 43 methylbenzoic
. 105 methylbutyric .
94 methylmalonic . 1010
methylvaleric . 66 meticulously
. 1644 meticulously .
59 meticulously . 254
meticulously . 89 meticulously
. 541 meticulously .
131 meticulously . 137
metropolitan . 189 metropolitan
. 130674 metropolitan .
164 metropolitan . 250
metropolitan . 109 metropolitan
. 182 metropolitan .
5556 metropolitan . 78
metropolitan . 986 metropolitan
. 46 metropolitan .
99 metropolitan . 64
metropolitan . 48 metropolitan
. 42 metropolitan .
389 metropolitan . 823
metropolitan . 53 metropolitan
. 62 metropolitan .
45 metropolitan . 95
metropolitan . 67 metropolitan
. 65 metropolitan .
63 metropolitan . 5515
metropolitan . 284 metropolitan
. 493 metropolitan .
50 metropolitan . 122
metropolitan . 231 metropolitan
. 95 metropolitan .
46 metropolitan . 78
metropolitan . 80 metropolitan
. 119 metropolitan .
497 metropolitan . 112
metropolitan . 113 metropolitan
. 105 metropolitan .
490 metropolitan . 156
metropolitan . 50 metropolitan
. 337 metropolitan .
88 metropolitan . 57
metropolitan . 102 metropolitan
. 169 metropolitan .
140 metropolitan . 456
metropolitan . 47 metropolitan
. 64 metropolitan .
232 metropolitan . 56
metropolitan . 50 metropolitan
. 70 metropolitan .
65 metropolitan . 70
metropolitan . 59 metropolitan
. 220 metropolitan .
123 metropolitan . 247
metropolitan . 52 metropolitan
. 62 metropolitan .
45 metropolitan . 66
metropolitan . 204 metropolitan
. 68 metropolitan .
306 metropolitian . 53
microbiologic . 70 microbiologic
. 113 microbiologic .
55 microcarrier . 403
microcephala . 342 microchannel
. 54 microeconomic .
421 microeconomic . 78
microeconomic . 5142 microfluidic
. 291 micrographic .
94 microinfusion . 109
microinjecting . 180 micronucleus
. 1968 microorganic .
58 micropipette . 66
micropolitan . 407 microseconds
. 71 microseconds .
143 microseismic . 49
microspheric . 200 microwavable
. 257 microwavable .
190 microwavable . 41
microwaveable . 162 microwaveable
. 96 microwaveable .
50 midabdominal . 50
midabdominal . 113 midafternoon
. 192 midfrequency .
142 midfrequency . 188
midprecordial . 254 midpupillary
. 150 midvertebral .
51 militaristic . 94
militaristic . 57 militaristic
. 87 militaristic .
44 militaristic . 156
militaristic . 63 militaristic
. 71 militaristic .
236 militaristic . 57
militaristic . 73 militaristic
. 44 militaristic .
45 millimicrons . 112
milliondollar . 177 milliseconds
. 66 milliseconds .
178 minicomputer . 64
minicomputer . 53 ministrations
. 120 miracleworking .
45 miraculously . 46
miraculously . 256 miraculously
. 83 miraculously .
161 miraculously . 187
miraculously . 46 miraculously
. 121 miraculously .
119 miraculously . 177
miraculously . 111 miraculously
. 68 miraculously .
56 miraculously . 76
miraculously . 43 miraculously
? 95 miraculously .
52 miraculously . 426
misalignment . 386 miscegenation
. 2228 miscellaneous .
136 miscellaneous . 265
miscellaneous . 47 miscellaneous
. 46 miscellaneous .
84 miscellaneous . 63
miscellaneous . 748 miscellaneous
. 40 miscellaneous .
46 miscellaneous . 675
miscellaneous . 225 miscellaneous
. 43 miscellaneous .
41 miscellaneous . 87
miscellaneous . 100 miscellaneous
. 57 miscellaneous .
91 miscellaneous . 57
miscellaneous . 61 miscellaneous
. 44 miscellaneous .
174 miscellaneous . 627
miscellaneous . 417 miscellaneous
. 47 miscellaneous .
558 miscellaneous . 94
miscellaneous . 195 miscellaneous
. 50 miscellaneous .
46 miscellaneous . 55
miscellaneous . 110 miscellaneous
. 158 miscellaneous .
315 miscellaneous . 66
miscellaneous . 1374 miscellaneous
. 1448 miscellaneous .
141 miscellaneous . 107
miscellaneous . 54 miscellaneous
. 154 miscellaneous .
1447 miscellaneous . 210
miscellaneous . 1787 misconceived
. 49 misconceived .
325 misconceived . 92
misconception . 505 misdemeanours
. 58 misericordiam .
157 misericordiam . 1201
misinterpret . 77 misprediction
. 167 misrepresent .
67 misrepresent . 42
misrepresent . 239 missouriense
. 47 mitochondrial .
60 mitochondrial . 67
mitochondrial . 1293 mitochondrial
. 88 mitochondrial .
743 mitochondrial . 154
mitochondrial . 291 mitochondrial
. 266 mitochondrial .
76 mitochondrial . 163
mitochondrial . 115 mitochondrial
. 334 mitochondrial .
45 mitochondrial . 212
mitochondrial . 52 mitrailleuse
. 189 modernisation .
355 modernisation . 1993
modernisation . 109 modernization
. 59 modernization .
59 modernization . 1000
modernization . 6188 modernization
. 54 modernization .
171 modifications . 75
modifications ? 61 modifications
. 142 modifications .
1020 modifications . 282
modifications . 108 modifications
. 43 modifications .
110 monkeypuzzle . 40
monochorionic . 104 monodisperse
. 66 monoenergetic .
111 monofilament . 58
monofilament . 2129 monofilament
. 208 monofilament .
52 monofilament . 596
monofilament . 292 monofilament
. 115 monoisotopic .
104 mononucleosis . 52
monophyletic . 318 monophyletic
. 66 monophyletic .
102 monopolistic . 44
monopolistic . 106 monopolistic
. 119 monopolistic .
581 monopolistic . 131
monopolistic . 41 monopolistic
. 183 monopolistic .
72 monopolistic . 56
monopolistic . 92 monopolistic
. 71 monopolistic .
46 monospecific . 106
monosyllabic . 188 monosyllabic
. 250 monosyllabic .
167 monosyllabic . 54
monosyllabic . 92 monosyllabic
. 80 monosyllabic .
136 monosyllabic . 66
monosyllabic . 68 monosyllabic
. 50 monosyllabic .
533 monosynaptic . 146
monotonicity . 233 monotonously
. 68 monotonously .
99 monotonously . 226
monotonously . 44 monotonously
. 62 montrouzieri .
488 monumentally . 180
monumentally . 116 monumentally
. 98 morbilliform .
919 morphometric . 610
mortification ? 141 mortification
. 159 motionpicture .
476 motionpicture . 46
motoneuronal . 74 mountaineering
. 51 mountaineering .
383 mountaineering . 48
mountaineering . 97 mountaineering
. 137 mountaineers .
73 mountainside . 115
mountainside . 40 mouthwateringly
. 41 mucilaginous .
55 mucilaginous . 46
mucilaginous . 251 mucilaginous
. 155 mucilaginous .
393 mucocutaneous . 60
mucocutaneous . 295 mucoperiosteal
. 985 mulligatawny .
264 multicentric . 61
multichannel . 328 multichannel
. 289 multichannel .
310 multichannel . 120
multicolored . 235 multicolored
. 44 multicolored .
64 multicolored . 99
multicolored . 96 multicolored
. 90 multicolored .
40 multicolored . 145
multicolored . 47 multicolored
. 76 multicolored .
230 multicolored . 49
multicolored . 59 multicolored
. 63 multicolored .
85 multicolored . 53
multicolored . 64 multicolored
. 74 multicolored .
41 multicolored . 77
multifaceted . 62 multifaceted
. 173 multifaceted .
44 multifaceted . 64
multifaceted . 207 multifaceted
. 64 multifaceted .
42 multifaceted . 237
multifaceted . 224 multifaceted
. 288 multifaceted .
92 multifaceted . 56
multifaceted . 52 multifaceted
. 51 multifaceted .
331 multifaceted . 49
multifaceted . 149 multifunction
. 187 multigraphed .
59 multilateral . 46
multilateral . 173 multilateral
. 54 multilateral .
304 multilateral . 942
multilateral . 172 multilateral
. 109 multilateral .
218 multilateral . 425
multilateral . 113 multilateral
. 100 multilateral .
55 multilayered . 56
multilayered . 90 multilayered
. 105 multilayered .
197 multilayered . 79
multilayered . 50 multilayered
. 47 multilocular .
549 multilocular . 53
multimodular . 54 multinational
. 103 multinational .
288 multinational . 60
multinational . 53 multinational
. 45 multinational .
5132 multinational . 49
multinational . 132 multinational
. 44 multinational .
224 multinational . 55
multinational . 400 multinational
. 115 multinational .
72 multinational . 49
multinodular . 43 multinucleate
. 384 multiplicare .
130 multiplicati . 151
multiplicity . 61 multiplicity
. 101 multiprocess .
98 multiproduct . 193
multiproduct . 1146 multipurpose
. 108 multipurpose .
573 multipurpose . 43
multipurpose . 44 multipurpose
. 364 multipurpose .
117 multipurpose . 70
multipurpose . 2492 multipurpose
. 805 multipurpose .
87 multipurpose . 100
multipurpose . 63 multipurpose
. 41 multipurpose .
316 multisensory . 64
multisensory . 54 multiskilled
. 121 multistemmed .
118 multitrunked . 69
multitubular . 72 multivariable
. 284 multivariable .
41 multivitamin . 222
municipality . 67 municipality
. 48 municipality .
115 munificently . 68
muscletendon . 143 musikalische
. 187 mutagenicity .
178 mutagenicity . 2672
mycobacterial . 79 mycophenolic
. 1259 myelomatosis .
178 mystification . 52