eccentricity . 287 eccentricity
. 42 ecologically .
135 economically . 49
economically . 163 economically
. 86 economically .
74 economically . 81
economically . 53 economically
. 87 economically .
239 economically . 196
economically . 41 economically
. 2183 educationally .
66 effervescent . 65
effervescent . 66 efficiencies
. 52 effortlessly .
58 eigentlichen . 50
eightysecond . 536 eightyseventh
. 219 eingeschlossen .
380 eingeschlossen . 46
eingeschrieben . 55 elasticities
. 62 electrically .
97 electrically . 272
electrically . 45 electrically
. 468 electrically .
99 electrocuted . 72
electrocuted . 261 electrocuted
. 65 electrolysis .
47 electrolytes . 57
electrolytes . 67 electrolytic
. 843 electrolytic .
51 electrolytic . 196
electrolytic . 229 electrolytic
. 123 electrolytic .
84 electrometer . 374
electrooptic . 68 electroplating
. 972 electroplating .
113 electroscope . 65
electroscope . 93 eleemosynary
. 227 eleemosynary .
74 elephantheaded . 47
emancipatory . 60 emancipatory
. 207 emancipatory .
90 embarrassingly . 371
embarrassingly . 189 embarrassingly
. 164 embarrassingly .
471 embarrassingly . 100
embarrassingly . 152 embryophagum
. 205 emphatically .
84 emphatically . 47
emphatically . 66 emphatically
. 46 emphatically .
269 emphatically . 219
emphatically . 164 emphatically
. 60 emphatically !
1419 emphatically . 137
emphatically . 136 emphatically
. 47 emphatically .
79 emphatically . 44
emphatically . 285 emphatically
! 981 empyreumatic .
544 encapsidated . 43
encapsulated . 134 encapsulated
. 233 encapsulated .
64 encapsulated . 45
encapsulated . 53 encapsulated
. 75 encapsulates .
131 encapsulates . 81
encapsulation . 93 encephalitis
. 236 enchantments !
48 encyclopedic . 49
encyclopedic . 68 endocarditis
. 752 endometriosis .
181 enfranchised . 66
enfranchised . 166 enfranchised
. 122 enfranchised .
128 enfranchised . 276
enfranchises . 47 enlargements
. 46 entertainers .
55 entitlements . 106
entrepreneur . 192 entrepreneur
. 50 entrepreneur .
56 entscheidend . 444
entscheidend . 46 entsprechend
. 171 environments .
139 environments . 277
environments . 214 environments
. 54 environments .
51 environments . 57
environments . 204 environments
. 51 epicuticular .
659 epigrammatic . 85
epigrammatic . 89 epigrammatic
. 454 epileptiform .
119 epileptiform . 215
epistemology . 44 equipartition
. 276 equipotential .
51 erforderlich . 3179
erforderlich . 87 erforderlich
. 267 erythematosus .
544 etymological . 244
etymological . 48 etymological
. 41 evennumbered .
216 eventempered . 41
evolutionists . 48 exasperatingly
. 66 exceptionable .
50 exceptionable . 55
exceptionally . 46 exceptionally
. 1419 exceptionally .
181 exceptionally . 135
exceptionally . 759 exceptionally
. 584 exceptionally .
89 exceptionally . 133
exceptionally . 65 exceptionally
. 145 exceptionally .
86 exceptionally . 571
exceptionally . 56 exceptionally
. 41 exceptionally .
2208 exceptionally . 5401
exceptionally . 183 exceptionally
. 126 exceptionally .
68 exceptionally . 57
exceptionally . 80 exceptionally
. 382 exceptionally .
855 exceptionally . 237
exceptionless . 48 exhaustively
. 43 existentially .
154 exorbitantly . 793
expectational . 65 expeditionary
. 51 expenditures .
199 expenditures . 211
expenditures . 98 expenditures
. 40 expenditures .
262 expenditures . 310
expenditures . 87 expenditures
. 50 experimental .
201 experimental . 59
experimental . 49 experimental
. 43 experimental .
42 experimental . 3833
experimental . 73 experimental
. 208 experimental .
1265 experimental . 566
experimental . 336 experimental
. 301 experimental .
992 experimental . 173
experimental . 50 experimental
. 164 experimental .
62 experimental . 1100
experimental . 66 experimental
. 47 experimental .
127 experimental . 60
experimental . 192 experimental
. 95 experimental .
47 experimental . 75
experimental . 205 experimental
. 477 experimental .
103 experimental . 56
experimental . 49 experimental
. 80 experimental .
6637 experimental . 174
experimental . 139 experimental
. 65 experimental .
179 experimental . 187
experimental . 211 experimental
. 3357 experimental .
111 experimental . 456
experimental . 75 experimental
. 162 experimental .
230 experimental . 143
experimental . 42 experimental
. 159 experimental .
4835 experimental . 2667
experimental . 709 experimented
. 46 experimented .
11508 experimenter . 5843
experimenter . 83 experimenter
. 215 exploitative .
59 exploitative . 100
exploitative . 492 exploitative
. 96 exploitative .
88 exploitative . 364
exponentially . 41 expostulated
. 106 expressionist .
1485 expressionist . 45
expressionist . 53 exterminated
. 291 exterminated .
3725 exterminated . 65
exterminates . 203 extraluminal
. 64 extraluminal .
81 extramarital . 136
extramarital . 6656 extramundane
. 87 extramusical .
105 extrapleural . 93
extrapolation . 140 extravasated